[ec2-user@ip-10-0-10-142 ~]$ mysql -h udacity.ccfvec0r6r02.us-west-2.rds.amazonaws.com -u udacity -p
Enter password:
Welcome to the MariaDB monitor.  Commands end with ; or \g.
Your MySQL connection id is 32
Server version: 8.0.35 Source distribution

Copyright (c) 2000, 2018, Oracle, MariaDB Corporation Ab and others.

Type 'help;' or '\h' for help. Type '\c' to clear the current input statement.

MySQL [(none)]> USE udacity;
No connection. Trying to reconnect...
Connection id:    8
Current database: *** NONE ***

Reading table information for completion of table and column names
You can turn off this feature to get a quicker startup with -A

Database changed
MySQL [udacity]> SHOW TABLES;
+-------------------+
| Tables_in_udacity |
+-------------------+
| students          |
+-------------------+
1 row in set (0.001 sec)

MySQL [udacity]> SELECT * from students;
+------------+--------------+------+-------------------+---------------------+
| student_id | student_name | age  | email             | enrollment_date     |
+------------+--------------+------+-------------------+---------------------+
|          1 | Alice        |   23 | Alice@example.com | 2023-12-24 13:08:17 |
+------------+--------------+------+-------------------+---------------------+
1 row in set (0.001 sec)

MySQL [udacity]> INSERT INTO students (student_name, age, email) VALUES ('Bob', 25, 'bob@example.com');
Query OK, 1 row affected (0.004 sec)

MySQL [udacity]> SELECT * from students;
+------------+--------------+------+-------------------+---------------------+
| student_id | student_name | age  | email             | enrollment_date     |
+------------+--------------+------+-------------------+---------------------+
|          1 | Alice        |   23 | Alice@example.com | 2023-12-24 13:08:17 |
|          2 | Bob          |   25 | bob@example.com   | 2023-12-24 13:38:46 |
+------------+--------------+------+-------------------+---------------------+
2 rows in set (0.001 sec)

MySQL [udacity]>
